<?xml version="1.0" encoding="UTF-8"?>
<metadata>
  <identifier>EarnForBtc_201608</identifier>
  <mediatype>software</mediatype>
  <collection>apkarchive</collection>
  <creator>786mwra@gmail,com</creator>
  <date>2016-08-21</date>
  <description>Online Earnning Website&lt;div&gt;Earn For BTC&lt;/div&gt;</description>
  <language>eng</language>
  <scanner>Internet Archive HTML5 Uploader 1.6.3</scanner>
  <subject>earnforbtc.online earnning</subject>
  <subject>waqas313</subject>
  <title>Earn For Btc</title>
  <publicdate>2016-08-21 00:47:41</publicdate>
  <uploader>786mwra@gmail.com</uploader>
  <addeddate>2016-08-21 00:47:41</addeddate>
  <curation>[curator]validator@archive.org[/curator][date]20160821005310[/date][comment]checked for malware[/comment]</curation>
  <backup_location>ia906204_31</backup_location>
</metadata>
